product,rule,direction,development_net_gbp,development_trades,validation_net_gbp,validation_trades,inspected_net_gbp,inspected_trades
DE30_EUR,opening_range_15,long,16.30,7,12.11,9,-42.37,8
DE30_EUR,opening_range_15,short,0.98,6,10.25,6,-4.99,6
DE30_EUR,opening_range_30,long,-3.85,4,-3.47,4,-11.34,2
DE30_EUR,opening_range_30,short,18.54,5,-3.17,3,4.28,7
DE30_EUR,trend_pullback,long,-31.88,30,-38.51,39,-26.77,32
DE30_EUR,trend_pullback,short,-8.07,33,33.93,38,6.44,36
DE30_EUR,range_reversion,long,-22.95,39,-7.47,45,-65.07,42
DE30_EUR,range_reversion,short,24.84,39,21.03,42,-30.10,43
SPX500_USD,opening_range_15,long,5.11,5,-13.70,13,-8.54,6
SPX500_USD,opening_range_15,short,10.76,4,-11.53,6,-3.04,4
SPX500_USD,opening_range_30,long,6.68,13,-48.79,16,-6.93,8
SPX500_USD,opening_range_30,short,-6.85,12,-16.73,11,16.46,14
SPX500_USD,trend_pullback,long,-8.32,28,21.67,23,-19.76,19
SPX500_USD,trend_pullback,short,-13.86,14,57.06,20,15.69,24
SPX500_USD,range_reversion,long,3.84,36,-16.69,37,-8.75,37
SPX500_USD,range_reversion,short,-1.96,40,-32.69,34,-5.09,37
EUR_USD,opening_range_15,long,1.09,3,-13.83,7,-0.70,7
EUR_USD,opening_range_15,short,-7.41,7,-5.21,6,3.26,4
EUR_USD,opening_range_30,long,-0.46,4,-2.49,5,-1.47,8
EUR_USD,opening_range_30,short,-4.77,4,-6.34,4,4.60,3
EUR_USD,trend_pullback,long,1.14,40,-12.90,32,-20.87,32
EUR_USD,trend_pullback,short,-9.42,34,-9.48,42,-31.31,37
EUR_USD,range_reversion,long,-23.31,43,-28.74,45,-11.12,42
EUR_USD,range_reversion,short,-19.37,42,-6.60,45,-15.37,42
WTICO_USD,opening_range_15,long,44.90,6,-80.77,7,5.50,2
WTICO_USD,opening_range_15,short,35.95,2,-4.90,5,-5.87,5
WTICO_USD,opening_range_30,long,-45.16,8,4.09,2,42.30,6
WTICO_USD,opening_range_30,short,49.97,3,-26.90,6,-28.80,4
WTICO_USD,trend_pullback,long,-69.05,25,-36.76,24,19.63,28
WTICO_USD,trend_pullback,short,1.79,20,-112.78,27,-41.55,14
WTICO_USD,range_reversion,long,139.93,34,-166.47,36,-173.05,32
WTICO_USD,range_reversion,short,-23.82,36,-117.01,38,-21.88,35
